timestamp,user_id,bet_amount,odds,outcome
2024-01-01 00:00:00,59,131.7235000145484,5.738745782623026,win
2024-01-01 01:00:00,12,14.331986923048165,9.015502519224691,loss
2024-01-01 02:00:00,32,9.738660272347175,4.184389435655529,loss
2024-01-01 03:00:00,7,137.724115842425,1.6224899667555595,loss
2024-01-01 04:00:00,63,22.46860939515378,7.52327083979732,win
2024-01-01 05:00:00,73,15.89962326260782,8.631048607195028,win
2024-01-01 06:00:00,83,15.048530798452711,2.447760884291249,loss
2024-01-01 07:00:00,4,127.58542684133545,4.6778633981128035,loss
2024-01-01 08:00:00,72,7.60119222025592,7.458995290174137,win
2024-01-01 09:00:00,31,14.74466692020863,2.529100586127904,loss
2024-01-01 10:00:00,86,78.27181107482801,1.13437703888163,loss
2024-01-01 11:00:00,55,115.46848735615474,9.821209145791206,win
2024-01-01 12:00:00,83,107.06219305025326,4.869189190553888,loss
2024-01-01 13:00:00,48,32.892492803856285,1.9446021327944374,loss
2024-01-01 14:00:00,37,12.430456281221492,6.123062315831916,loss
2024-01-01 15:00:00,5,87.28300913709545,4.557868116706013,loss
2024-01-01 16:00:00,99,135.384944362509,5.79380379676479,win
2024-01-01 17:00:00,54,89.05346237334832,4.760350774702499,loss
2024-01-01 18:00:00,32,10.413942303259164,1.1097447291868057,win
2024-01-01 19:00:00,21,110.33555012616986,9.08350844570895,win
2024-01-01 20:00:00,3,72.50785404858922,5.300975663506323,loss
2024-01-01 21:00:00,50,36.031975435387295,8.58439826018235,loss
2024-01-01 22:00:00,14,18.232431911646703,7.135405980893363,win
2024-01-01 23:00:00,71,65.84330524743396,2.3777722825517387,loss
2024-01-02 00:00:00,99,58.672081866285275,4.949127538187644,loss
2024-01-02 01:00:00,78,19.110829632306388,8.420289228462748,loss
2024-01-02 02:00:00,80,9.470410072388574,2.5861411515324475,win
2024-01-02 03:00:00,47,56.26729002235849,2.004284867247731,loss
2024-01-02 04:00:00,4,366.75088009558294,7.106826273056541,win
2024-01-02 05:00:00,60,28.884030242852266,1.422975489327459,win
2024-01-02 06:00:00,71,9.696703106378251,5.925289386867375,win
2024-01-02 07:00:00,29,33.67194436753905,3.729403632893986,loss
2024-01-02 08:00:00,52,9.451439878282237,4.452980099483289,win
2024-01-02 09:00:00,45,45.730031953149904,7.566458512278304,loss
2024-01-02 10:00:00,18,16.348619478091063,6.675277718843688,win
2024-01-02 11:00:00,99,54.02878166722319,8.718490276404125,win
2024-01-02 12:00:00,86,22.937644082732838,5.256404845814963,loss
2024-01-02 13:00:00,57,42.04753920555604,3.467540611799177,loss
2024-01-02 14:00:00,97,14.875365034652255,7.904668006935786,loss
2024-01-02 15:00:00,30,65.99491825956491,1.472440195133588,loss
2024-01-02 16:00:00,23,62.5602686956665,9.671018722960882,win
2024-01-02 17:00:00,91,213.7082275846554,2.1264708114308615,loss
2024-01-02 18:00:00,70,200.34360989395412,3.443630559814356,loss
2024-01-02 19:00:00,11,12.193993236789687,7.474129765434627,loss
2024-01-02 20:00:00,14,26.910413279633076,3.7716603596539873,win
2024-01-02 21:00:00,71,23.19841895465681,9.706442331201831,loss
2024-01-02 22:00:00,92,22.406244593520395,7.167566039326363,loss
2024-01-02 23:00:00,60,32.03054679486118,6.363513078488758,win
2024-01-03 00:00:00,99,65.184779298214,5.109444970728527,loss
2024-01-03 01:00:00,38,87.03576891522331,8.528219946127294,loss
2024-01-03 02:00:00,36,14.83452620065683,8.595065639433534,loss
2024-01-03 03:00:00,3,41.283935546901276,9.087329135296226,win
2024-01-03 04:00:00,54,11.556819157350326,1.9981338389565495,win
2024-01-03 05:00:00,9,44.66342361135313,3.6509406736453007,loss
2024-01-03 06:00:00,69,2.2758809797551875,1.5974100071381696,loss
2024-01-03 07:00:00,50,157.42746223577956,6.531992325732903,win
2024-01-03 08:00:00,85,87.01872287083025,9.508967384052422,loss
2024-01-03 09:00:00,99,83.1783805920854,1.4455752968205298,win
2024-01-03 10:00:00,72,138.23705997500852,3.717456304587543,win
2024-01-03 11:00:00,82,32.51481729257191,4.039716724714076,win
2024-01-03 12:00:00,60,61.65563314969605,8.088381837943563,win
2024-01-03 13:00:00,9,20.08187210850349,2.632980861539113,win
2024-01-03 14:00:00,3,23.15687377836295,4.917124176419776,loss
2024-01-03 15:00:00,16,37.62570136895626,3.227743108397407,loss
2024-01-03 16:00:00,47,201.3074165426092,8.093740246796495,loss
2024-01-03 17:00:00,47,11.317119034084982,4.7653209843266175,win
2024-01-03 18:00:00,45,97.14585921697768,4.717134157777474,win
2024-01-03 19:00:00,63,185.33804550846727,2.3826966811905885,win
2024-01-03 20:00:00,92,16.510447220922266,9.088199784433558,win
2024-01-03 21:00:00,87,6.378874991526122,9.002699994263804,loss
2024-01-03 22:00:00,93,51.61616648677837,3.786327451509069,win
2024-01-03 23:00:00,96,70.12011848991956,2.2318608313627197,win
2024-01-04 00:00:00,98,44.780347299018075,7.057090776029673,loss
2024-01-04 01:00:00,40,3.25759766589191,8.321613036799079,loss
2024-01-04 02:00:00,96,232.91651246390833,6.712568359751414,win
2024-01-04 03:00:00,1,39.9340309120754,9.803369356422559,win
2024-01-04 04:00:00,47,68.69706528558467,2.4033092743153874,win
2024-01-04 05:00:00,12,3.067153590161542,6.03731206505787,loss
2024-01-04 06:00:00,74,30.228478670238847,7.600683688597705,loss
2024-01-04 07:00:00,39,34.87456899510724,2.3220979952513403,win
2024-01-04 08:00:00,33,9.561057519414344,8.76181995905627,loss
2024-01-04 09:00:00,46,112.94458330503412,4.828470481005601,loss
2024-01-04 10:00:00,60,46.485328162497865,6.8660626986013895,win
2024-01-04 11:00:00,54,48.305724587843464,6.613896161738069,loss
2024-01-04 12:00:00,16,0.2893832998965541,1.4555649678322626,win
2024-01-04 13:00:00,78,94.46272742347148,8.78342222276725,loss
2024-01-04 14:00:00,64,33.91448580061574,7.3874320857795635,loss
2024-01-04 15:00:00,28,7.427988873750969,9.735856516678364,win
2024-01-04 16:00:00,13,28.30293739333387,2.0609622213549326,loss
2024-01-04 17:00:00,56,25.087031178906972,8.240363337658493,win
2024-01-04 18:00:00,68,74.7553905346235,2.024383918769793,loss
2024-01-04 19:00:00,51,37.67675663333238,2.9627537292100676,loss
2024-01-04 20:00:00,15,61.54259555525582,1.213095232170732,win
2024-01-04 21:00:00,63,22.32673740189757,2.6603868450816206,win
2024-01-04 22:00:00,22,146.9919963010832,8.178944928270921,loss
2024-01-04 23:00:00,60,171.93741689793904,1.263051640881402,win
2024-01-05 00:00:00,34,26.450052131765577,6.053109609771475,win
2024-01-05 01:00:00,30,13.972888767985204,3.4185424217362312,win
2024-01-05 02:00:00,59,9.700122375679625,3.0998025444015127,loss
2024-01-05 03:00:00,26,46.832499594564844,2.1488679949837914,win
2024-01-05 04:00:00,60,21.118045951374537,6.8011924674095106,loss
2024-01-05 05:00:00,16,39.40422497236475,6.36948969043933,win
2024-01-05 06:00:00,22,14.171939359087268,2.7012228596032495,loss
2024-01-05 07:00:00,22,21.522057002340887,5.9328232743272125,loss
2024-01-05 08:00:00,81,50.416989159939476,7.200388989572701,win
2024-01-05 09:00:00,31,34.00650225001465,6.529268531540469,loss
2024-01-05 10:00:00,37,57.16601943260422,1.534446994428912,win
2024-01-05 11:00:00,46,90.41595206154665,3.8482414671029677,loss
2024-01-05 12:00:00,85,0.9387391632958635,2.0048771107476595,win
2024-01-05 13:00:00,24,11.198248889598158,8.6878633642555,win
2024-01-05 14:00:00,98,26.702705064186176,4.4005452559441185,win
2024-01-05 15:00:00,48,60.82589991381243,9.039532042528931,win
2024-01-05 16:00:00,69,5.001185001377479,5.236877896059303,win
2024-01-05 17:00:00,11,98.87541879166623,3.9325147535740115,loss
2024-01-05 18:00:00,57,109.03163014518107,7.271362784274746,win
2024-01-05 19:00:00,17,94.59619129213762,5.923979937824859,loss
2024-01-05 20:00:00,48,7.548153938077262,6.830118484829555,win
2024-01-05 21:00:00,2,72.08010999555216,4.412797824138157,win
2024-01-05 22:00:00,87,26.85962549269174,2.922054450683812,win
2024-01-05 23:00:00,69,117.43599958562594,1.8761460558754057,loss
2024-01-06 00:00:00,26,14.160455013871214,2.584856867718175,win
2024-01-06 01:00:00,31,17.30266380329917,4.2400018091358795,win
2024-01-06 02:00:00,92,18.376927408544038,2.5379844693010063,loss
2024-01-06 03:00:00,95,10.89815496686446,5.300071047420067,loss
2024-01-06 04:00:00,68,86.7471797526235,9.728752062062222,win
2024-01-06 05:00:00,10,63.75726679333356,8.994024645412274,win
2024-01-06 06:00:00,72,7.615207160152286,8.34133404601152,loss
2024-01-06 07:00:00,17,22.35056252434099,3.4082049609724967,loss
2024-01-06 08:00:00,95,91.79949285108997,7.712907098787715,loss
2024-01-06 09:00:00,6,99.53905494327059,6.023237587574208,win
2024-01-06 10:00:00,93,107.34453157235208,7.071175308374883,loss
2024-01-06 11:00:00,50,4.490922577557722,5.2006303109232235,loss
2024-01-06 12:00:00,66,6.311736524274039,6.558177608338019,loss
2024-01-06 13:00:00,79,7.921560334917537,6.975775499196272,loss
2024-01-06 14:00:00,56,25.830015447455768,4.872860606448764,win
2024-01-06 15:00:00,26,5.6890515361098775,6.213754925972694,loss
2024-01-06 16:00:00,9,114.15252209822222,7.191821566722844,win
2024-01-06 17:00:00,50,37.69851485627227,6.110887882736915,win
2024-01-06 18:00:00,17,12.599868609008249,1.4381569689265552,loss
2024-01-06 19:00:00,98,14.330077823211196,7.865513796139616,loss
2024-01-06 20:00:00,83,62.779612662599234,2.8291873439733624,loss
2024-01-06 21:00:00,33,21.341468778281246,2.0483272003576616,loss
2024-01-06 22:00:00,37,81.47203961233107,7.760415812362373,loss
2024-01-06 23:00:00,41,107.73905904514606,6.22838758962166,loss
2024-01-07 00:00:00,59,261.7252082436867,5.229404293246391,loss
2024-01-07 01:00:00,66,74.57535734513935,4.097084720134786,win
2024-01-07 02:00:00,41,9.130672980220723,6.724517972764252,win
2024-01-07 03:00:00,94,11.342327866602385,2.0576304914009516,loss
2024-01-07 04:00:00,95,31.04799894330273,4.214053230700498,loss
2024-01-07 05:00:00,94,4.475857904493069,3.9693272546395395,loss
2024-01-07 06:00:00,12,32.50291551502759,4.218285691395488,win
2024-01-07 07:00:00,21,59.86974325737112,3.5984466874270513,loss
2024-01-07 08:00:00,93,63.02311867245096,3.2062628483247404,loss
2024-01-07 09:00:00,53,57.88222542380688,9.443498997391362,loss
2024-01-07 10:00:00,98,109.87664415332587,5.131459015366108,loss
2024-01-07 11:00:00,95,61.5579944691809,7.987832002017292,win
2024-01-07 12:00:00,81,43.78515374111249,4.126029193166762,loss
2024-01-07 13:00:00,92,83.29386787502754,6.413497153461973,win
2024-01-07 14:00:00,15,20.10200029401096,6.503998504905386,loss
2024-01-07 15:00:00,75,121.48368253877484,2.5252885413485466,win
2024-01-07 16:00:00,88,54.44888835799199,3.800512446894097,win
2024-01-07 17:00:00,70,12.167354185301363,5.121593728363171,loss
2024-01-07 18:00:00,30,9.94447798530745,6.724562250958746,loss
2024-01-07 19:00:00,12,36.28869574556537,5.482386085735071,win
2024-01-07 20:00:00,45,11.596549988965407,5.275638366653423,loss
2024-01-07 21:00:00,14,50.82578768740936,4.226637779457347,loss
2024-01-07 22:00:00,71,3.3445132607552983,8.114854815806838,win
2024-01-07 23:00:00,17,1.542754144558539,4.281804096931019,loss
2024-01-08 00:00:00,58,10.79124154105752,9.029168776417041,win
2024-01-08 01:00:00,20,3.399711175500452,6.920117967764119,win
2024-01-08 02:00:00,10,4.132583366096641,7.032038555092766,win
2024-01-08 03:00:00,69,1.269816397754294,3.332150040987987,loss
2024-01-08 04:00:00,48,5.426152400442091,1.4753596317605868,loss
2024-01-08 05:00:00,2,143.0639323138622,1.6899395051199926,loss
2024-01-08 06:00:00,22,88.3831782880925,8.647005391244274,loss
2024-01-08 07:00:00,39,87.17855775530992,8.23760828113954,win
2024-01-08 08:00:00,29,9.155344415255199,4.911923054521855,loss
2024-01-08 09:00:00,44,87.82581490721724,4.764339908431365,loss
2024-01-08 10:00:00,63,24.611279170985906,6.361787688066432,loss
2024-01-08 11:00:00,6,6.525551138877578,7.8057556594895505,win
2024-01-08 12:00:00,27,69.16767204167891,7.126739450714789,loss
2024-01-08 13:00:00,9,56.56498632574982,4.3103529058587995,win
2024-01-08 14:00:00,96,27.479658208266727,2.3573352871408133,loss
2024-01-08 15:00:00,56,9.847821616026732,3.211893393229338,win
2024-01-08 16:00:00,55,127.21831922335016,3.389319455927441,loss
2024-01-08 17:00:00,53,79.93967074946,2.478335014461577,loss
2024-01-08 18:00:00,92,9.49081376259187,3.5667162436763866,loss
2024-01-08 19:00:00,94,68.54068686691993,9.04279542385891,loss
2024-01-08 20:00:00,13,82.04024442992859,5.396409255763023,loss
2024-01-08 21:00:00,7,124.13454990493547,5.061770082175662,loss
2024-01-08 22:00:00,62,2.0562325617888693,9.382608678022935,win
2024-01-08 23:00:00,5,34.27961182404995,2.360433975965421,loss
2024-01-09 00:00:00,51,14.863096801253908,2.823401694149599,loss
2024-01-09 01:00:00,41,56.140523890092965,1.4275210627613784,win
2024-01-09 02:00:00,27,95.39215946672022,8.347763309106046,loss
2024-01-09 03:00:00,14,43.12879810818326,5.896577550580091,win
2024-01-09 04:00:00,15,102.14413061027778,7.4826956448742195,win
2024-01-09 05:00:00,49,50.71969229999201,7.854865222483234,loss
2024-01-09 06:00:00,20,231.1197083690443,8.512452019581897,loss
2024-01-09 07:00:00,95,41.28432007712231,6.079490640547888,loss
2024-01-09 08:00:00,81,36.66908737746224,1.825320220101671,loss
2024-01-09 09:00:00,50,8.12006438352538,5.127009413317284,win
2024-01-09 10:00:00,28,4.550902042663282,6.3505972947752465,loss
2024-01-09 11:00:00,56,79.64484595044584,9.010268624815023,win
2024-01-09 12:00:00,17,38.22109802679963,5.874603081204176,win
2024-01-09 13:00:00,81,113.98345446390685,2.141957074701785,win
2024-01-09 14:00:00,26,81.7876790611222,8.738196151295655,win
2024-01-09 15:00:00,7,131.90698135907365,9.299200735768888,win
2024-01-09 16:00:00,19,70.27781043421248,1.7065288603118098,win
2024-01-09 17:00:00,99,109.43335350161429,5.057805861209847,loss
2024-01-09 18:00:00,67,67.89935223116035,2.0511926117003196,loss
2024-01-09 19:00:00,94,8.821981630281291,4.1457771500950615,loss
2024-01-09 20:00:00,14,64.88047066303338,8.048196614440187,win
2024-01-09 21:00:00,89,197.87956863951587,9.75289121197259,loss
2024-01-09 22:00:00,72,8.151596791382017,9.136866942152365,win
2024-01-09 23:00:00,60,3.481367508097629,4.935458132085696,win
2024-01-10 00:00:00,77,7.616518181757648,2.0139430916011642,loss
2024-01-10 01:00:00,35,11.467996818058438,7.468650916664574,win
2024-01-10 02:00:00,47,0.4956534870206105,5.3466053444933745,loss
2024-01-10 03:00:00,64,54.30985499270189,8.832280587534045,loss
2024-01-10 04:00:00,81,51.53045429864098,3.511346708945418,win
2024-01-10 05:00:00,96,56.6894839497243,2.2876283071944705,win
2024-01-10 06:00:00,31,115.70648578794773,1.7455446959349379,win
2024-01-10 07:00:00,45,6.483510615931029,2.5253045467368302,win
2024-01-10 08:00:00,97,21.913385110708496,6.909025116397357,win
2024-01-10 09:00:00,47,17.027590859181483,4.238629511047424,win
2024-01-10 10:00:00,71,60.908444358986145,9.087350439539788,loss
2024-01-10 11:00:00,33,33.393262369043605,5.1119202281428375,win
2024-01-10 12:00:00,33,31.176685285847643,8.923174566162437,loss
2024-01-10 13:00:00,12,9.06720501943388,9.059884906121127,loss
2024-01-10 14:00:00,33,2.9950484004650177,8.42872421480797,loss
2024-01-10 15:00:00,76,38.73836654356992,5.071902402474044,loss
2024-01-10 16:00:00,74,58.84387356249573,4.066548905612902,win
2024-01-10 17:00:00,66,27.459871300931148,7.260948742201341,loss
2024-01-10 18:00:00,16,68.84372347971738,4.961987586606034,loss
2024-01-10 19:00:00,66,2.8873925810846286,9.838049448747478,win
2024-01-10 20:00:00,17,23.559130381252224,7.155068184746472,loss
2024-01-10 21:00:00,89,107.66593131188276,3.4471393377307122,loss
2024-01-10 22:00:00,52,1.0225669902892918,9.607459341452328,win
2024-01-10 23:00:00,9,4.7189975402421505,7.519319957182306,loss
2024-01-11 00:00:00,94,123.621158557888,5.272241822637648,win
2024-01-11 01:00:00,27,18.438530021999355,2.061376725885417,win
2024-01-11 02:00:00,95,5.614395513280574,9.563461726865404,loss
2024-01-11 03:00:00,76,62.183908530888445,9.078461031340558,win
2024-01-11 04:00:00,85,29.23527023541355,7.561334599123811,win
2024-01-11 05:00:00,33,115.50377934949816,1.4829452837317487,win
2024-01-11 06:00:00,1,69.0255691286744,9.691978922683916,win
2024-01-11 07:00:00,49,9.96328273975104,8.31866810692664,loss
2024-01-11 08:00:00,34,40.76686859855662,4.838776446647837,win
2024-01-11 09:00:00,16,52.22765759811826,1.5376421758742622,win
2024-01-11 10:00:00,39,174.00489450695383,4.5221148678336744,loss
2024-01-11 11:00:00,31,79.52644153731639,5.122068256800423,win
2024-01-11 12:00:00,22,10.094915652637699,1.6242324648170712,loss
2024-01-11 13:00:00,2,90.35592325149399,5.412274614911622,win
2024-01-11 14:00:00,58,48.86004077189827,3.515881324139024,win
2024-01-11 15:00:00,97,26.303176368162077,8.223642213323267,loss
2024-01-11 16:00:00,60,28.91831411859558,6.270427972103764,win
2024-01-11 17:00:00,87,57.737091140677634,4.682545246473245,loss
2024-01-11 18:00:00,53,1.464879053796435,8.269592281324048,win
2024-01-11 19:00:00,87,13.611283267869787,9.371244397599726,win
2024-01-11 20:00:00,20,84.69854727693333,8.421427308424251,loss
2024-01-11 21:00:00,61,74.63041365739234,2.3399608129440774,loss
2024-01-11 22:00:00,47,16.541672159573054,4.931850026224822,loss
2024-01-11 23:00:00,89,26.940624058759965,3.601898951678499,loss
2024-01-12 00:00:00,98,31.285311318696728,3.01406356637069,win
2024-01-12 01:00:00,21,25.847645399416063,5.6811821307708605,loss
2024-01-12 02:00:00,71,47.85117747233183,4.734032945628968,loss
2024-01-12 03:00:00,88,51.996932175483735,2.2382715364478423,loss
2024-01-12 04:00:00,52,77.31109778319724,4.921481867962399,loss
2024-01-12 05:00:00,76,33.5990024764059,7.099588340013465,loss
2024-01-12 06:00:00,52,4.729539724481182,8.80549115387003,loss
2024-01-12 07:00:00,88,13.727468039043078,9.425078508382848,win
2024-01-12 08:00:00,34,36.018210529881976,3.2611703830756906,win
2024-01-12 09:00:00,27,47.92366996258873,6.86553138196145,loss
2024-01-12 10:00:00,36,26.572726952210395,8.79833970032419,loss
2024-01-12 11:00:00,1,16.966848900944193,5.439505562777374,loss
2024-01-12 12:00:00,83,359.82301484505115,2.695332136433937,win
2024-01-12 13:00:00,23,22.444418552614035,5.85455301177708,win
2024-01-12 14:00:00,23,21.232378938582592,8.079930304753688,loss
2024-01-12 15:00:00,45,12.951584734507978,3.7376817153965827,loss
2024-01-12 16:00:00,78,0.03900058150644507,4.649770390483338,win
2024-01-12 17:00:00,6,45.93170709859673,3.650254536206335,win
2024-01-12 18:00:00,53,25.45375063333472,7.083328007132625,win
2024-01-12 19:00:00,34,21.38929778037936,1.9253621873869577,loss
2024-01-12 20:00:00,59,38.352539380890846,8.622963727945468,loss
2024-01-12 21:00:00,72,19.462283604220655,6.976585900208999,win
2024-01-12 22:00:00,45,115.80818818784915,6.194467550450719,loss
2024-01-12 23:00:00,98,1.542303332750202,3.0607139959631056,win
2024-01-13 00:00:00,27,25.617838371167288,5.42248524650741,loss
2024-01-13 01:00:00,54,27.90559350725078,5.11304507525724,loss
2024-01-13 02:00:00,66,52.83972890605531,8.232665271152149,win
2024-01-13 03:00:00,51,37.70795684258549,4.7563322951307585,loss
2024-01-13 04:00:00,39,29.78331455497716,8.358194983912211,loss
2024-01-13 05:00:00,39,63.63294679417992,3.1572463554556625,loss
2024-01-13 06:00:00,52,63.6652525773343,5.869444992137204,loss
2024-01-13 07:00:00,31,29.577341883829984,2.5106745090536875,win
2024-01-13 08:00:00,66,58.8156449011645,5.536525707652544,win
2024-01-13 09:00:00,10,89.31144181714855,4.455080734298699,win
2024-01-13 10:00:00,42,67.72249630425212,6.028868400923205,loss
2024-01-13 11:00:00,37,248.4283021079352,3.6906776886808306,win
2024-01-13 12:00:00,55,151.37239273383386,3.553876541992401,win
2024-01-13 13:00:00,72,78.40221212003209,4.011925128523159,win
2024-01-13 14:00:00,21,30.943418116096783,8.9814024297465,win
2024-01-13 15:00:00,71,63.02085356732514,8.782070149227687,loss
2024-01-13 16:00:00,96,54.69894163533867,3.9053474517679265,loss
2024-01-13 17:00:00,10,139.51873997575467,3.381537323998028,loss
2024-01-13 18:00:00,53,24.946184792940286,2.013081114030739,win
2024-01-13 19:00:00,20,67.33451400475776,8.133965967197843,win
2024-01-13 20:00:00,92,74.56660576943723,2.163645189680455,loss
2024-01-13 21:00:00,8,6.5759798447091855,5.375915369414933,win
2024-01-13 22:00:00,70,59.69135417267435,2.2443310666009646,loss
2024-01-13 23:00:00,98,4.153198393498517,1.3639226676014555,win
2024-01-14 00:00:00,8,11.352519457569777,2.642134229988354,loss
2024-01-14 01:00:00,62,200.9394863720932,4.553957029697441,win
2024-01-14 02:00:00,73,1.5052149582490142,3.200765803449838,win
2024-01-14 03:00:00,9,55.77058863303541,5.990568965144909,loss
2024-01-14 04:00:00,61,269.84383963146024,9.40751158959096,loss
2024-01-14 05:00:00,11,113.31773186586882,1.4142654430196318,win
2024-01-14 06:00:00,50,14.624095278416881,4.673134183293978,loss
2024-01-14 07:00:00,40,66.76074372394058,5.8116390592711245,loss
2024-01-14 08:00:00,13,56.959616036562686,9.893498539220952,loss
2024-01-14 09:00:00,56,42.62226983357205,2.93588132220217,loss
2024-01-14 10:00:00,29,160.8502699891908,3.118314921058371,win
2024-01-14 11:00:00,58,1.0284626081557362,4.494302853741573,loss
2024-01-14 12:00:00,63,1.3470458665766845,9.131762288959841,win
2024-01-14 13:00:00,61,113.4491491549815,5.369292074681516,loss
2024-01-14 14:00:00,41,9.231503986156122,5.689851996893781,win
2024-01-14 15:00:00,70,148.14515584018898,3.5125237921156436,win
2024-01-14 16:00:00,51,97.22343592139254,3.3136662588977597,loss
2024-01-14 17:00:00,93,40.19646649964515,6.946370821491042,loss
2024-01-14 18:00:00,46,88.94885151371611,2.068581323982293,win
2024-01-14 19:00:00,10,43.43030336137156,3.3637194762359512,loss
2024-01-14 20:00:00,83,17.688507384915304,3.138010884403091,loss
2024-01-14 21:00:00,8,82.89562718402395,3.1108411773432656,win
2024-01-14 22:00:00,90,70.28463008261085,7.4581740771569915,loss
2024-01-14 23:00:00,91,5.750053959221706,6.410880687285784,loss
2024-01-15 00:00:00,31,24.90117758928068,7.903348859773448,win
2024-01-15 01:00:00,45,3.358036054573955,5.58066175674154,win
2024-01-15 02:00:00,21,154.05115936499936,4.333800903550235,loss
2024-01-15 03:00:00,16,36.43930062397903,9.77467268138731,loss
2024-01-15 04:00:00,13,25.73266871854355,3.945271199494707,loss
2024-01-15 05:00:00,58,49.75287568799473,8.418908816724654,loss
2024-01-15 06:00:00,77,75.01720779687574,2.8388999468292044,loss
2024-01-15 07:00:00,90,30.20347086720159,3.245648831181476,win
2024-01-15 08:00:00,97,7.468972577213208,7.265619437411209,loss
2024-01-15 09:00:00,4,108.33274040939787,8.74032615882672,win
2024-01-15 10:00:00,78,23.727953883141296,4.6359044271226235,loss
2024-01-15 11:00:00,83,106.88159120401448,4.465968705771317,win
2024-01-15 12:00:00,85,87.66007996931774,1.5380672232809578,win
2024-01-15 13:00:00,45,36.976896118389945,6.0505787100840855,loss
2024-01-15 14:00:00,30,34.83005637076393,2.5168348568660157,win
2024-01-15 15:00:00,59,15.044883583623436,3.195516223197997,loss
2024-01-15 16:00:00,47,39.72155289297962,6.007788743837258,win
2024-01-15 17:00:00,80,132.36619949482647,7.306090415178147,win
2024-01-15 18:00:00,31,198.21234825013022,9.811615487017885,win
2024-01-15 19:00:00,95,45.24080809258576,5.685363755044179,win
2024-01-15 20:00:00,83,5.9988486658032585,5.704743778793517,win
2024-01-15 21:00:00,22,106.89731769092239,4.832429270574956,win
2024-01-15 22:00:00,96,50.924730472042526,7.128438522467828,loss
2024-01-15 23:00:00,17,8.400002202210622,8.307411681358623,win
2024-01-16 00:00:00,95,28.565306230629428,4.797931275938318,loss
2024-01-16 01:00:00,95,9.133663332817132,2.212801018017397,win
2024-01-16 02:00:00,34,37.97925391230803,1.6934290160903902,loss
2024-01-16 03:00:00,69,46.639751970426275,7.282675257710311,loss
2024-01-16 04:00:00,6,22.31001357199045,6.14571527659235,win
2024-01-16 05:00:00,94,23.740381812711245,4.479592142287801,loss
2024-01-16 06:00:00,41,83.2899591497381,8.023021288868966,win
2024-01-16 07:00:00,16,104.18545181174889,7.009587965605554,win
2024-01-16 08:00:00,89,21.69855001876748,5.298849811572843,loss
2024-01-16 09:00:00,39,75.18694932576537,5.639819454390514,win
2024-01-16 10:00:00,43,59.65608089396213,4.669506003126044,loss
2024-01-16 11:00:00,78,55.032527439748044,9.671404296873762,loss
2024-01-16 12:00:00,31,2.069018758623022,9.882065029841918,win
2024-01-16 13:00:00,93,0.022817448277928903,5.768759962955302,loss
2024-01-16 14:00:00,64,45.64269076633912,3.5602723594248995,win
2024-01-16 15:00:00,26,46.61458968153801,9.279496130197494,win
2024-01-16 16:00:00,67,74.92926497930286,7.309057147633007,loss
2024-01-16 17:00:00,31,42.01795044143694,4.390500421866963,win
2024-01-16 18:00:00,58,46.631381876608366,6.372726707908072,win
2024-01-16 19:00:00,99,31.687429214032985,9.443889723556651,win
2024-01-16 20:00:00,81,31.728047258619007,9.116697317961426,loss
2024-01-16 21:00:00,83,19.553722443875802,2.841572348149421,win
2024-01-16 22:00:00,5,1.207824281824606,4.549230852697189,loss
2024-01-16 23:00:00,66,37.88622881538809,8.478059857747722,loss
2024-01-17 00:00:00,63,24.20008947431554,4.3788828542747735,loss
2024-01-17 01:00:00,24,55.325796637277115,8.554855928963027,win
2024-01-17 02:00:00,46,59.25108600357857,4.595550133766379,win
2024-01-17 03:00:00,30,85.7375872136662,6.5512005282157,loss
2024-01-17 04:00:00,96,59.02842915788559,6.908887901635744,win
2024-01-17 05:00:00,68,38.75400480582388,9.713589052840275,win
2024-01-17 06:00:00,73,20.209044113848858,2.300426608519042,win
2024-01-17 07:00:00,51,75.297315069093,1.1958180943259822,win
2024-01-17 08:00:00,48,120.70560480224152,3.071170192049266,loss
2024-01-17 09:00:00,24,24.109389852265036,7.317314667017262,win
2024-01-17 10:00:00,60,11.983143563373547,9.651189818468014,loss
2024-01-17 11:00:00,41,136.60087255417926,2.47697343725895,win
2024-01-17 12:00:00,91,17.18564896524812,7.504571553853124,loss
2024-01-17 13:00:00,65,41.5940251408556,5.494393343222008,win
2024-01-17 14:00:00,42,45.485569112211145,5.219421924141672,win
2024-01-17 15:00:00,63,52.20927609747758,4.114379915353814,win
2024-01-17 16:00:00,94,147.0876980015276,3.745633751995283,win
2024-01-17 17:00:00,63,17.48968105373732,9.246264715295132,win
2024-01-17 18:00:00,39,93.85573836100231,4.300572361530425,loss
2024-01-17 19:00:00,16,12.015885652016228,9.69943546485474,win
2024-01-17 20:00:00,3,241.35540263563283,3.739544071957021,loss
2024-01-17 21:00:00,82,65.45232658995991,3.1386462050670336,win
2024-01-17 22:00:00,12,12.154940812328489,1.490764206422733,loss
2024-01-17 23:00:00,5,135.59062751083627,4.394350437748047,win
2024-01-18 00:00:00,83,106.38294042825542,2.3273248356661425,loss
2024-01-18 01:00:00,65,169.815817674546,8.913230695384906,win
2024-01-18 02:00:00,32,83.13579334733105,7.753714629470332,loss
2024-01-18 03:00:00,1,10.207619701309795,4.832843009259969,win
2024-01-18 04:00:00,42,189.7735365616069,6.801774969717977,win
2024-01-18 05:00:00,5,18.203912915830024,1.4358580340611793,win
2024-01-18 06:00:00,19,83.56925509091815,8.68000069709521,loss
2024-01-18 07:00:00,96,109.22647105247488,1.8053146941087772,loss
2024-01-18 08:00:00,39,0.24838575103737062,8.525706182122743,win
2024-01-18 09:00:00,10,29.310464399968968,3.9772219435306284,win
2024-01-18 10:00:00,71,0.6258612901690478,3.2082452705424953,win
2024-01-18 11:00:00,99,46.776468056077206,1.307850498478106,win
2024-01-18 12:00:00,8,144.0649255173182,1.3648323539910956,loss
2024-01-18 13:00:00,15,109.24765999771027,1.7799246202520895,win
2024-01-18 14:00:00,18,104.17548924571933,4.405387485417727,win
2024-01-18 15:00:00,18,13.978955479342261,7.404496920745389,win
2024-01-18 16:00:00,55,247.3517422931013,4.442480452662467,loss
2024-01-18 17:00:00,39,6.827348140462952,8.852674164539962,loss
2024-01-18 18:00:00,40,40.75632729226973,7.650295321978517,loss
2024-01-18 19:00:00,11,24.23709331920414,7.706870047369289,loss
2024-01-18 20:00:00,67,30.718899743623425,1.1917491497901331,win
2024-01-18 21:00:00,94,32.02492858226825,9.683584290145408,win
2024-01-18 22:00:00,18,33.7612867556171,3.080141313039302,loss
2024-01-18 23:00:00,29,39.06283366120404,6.7311856735474045,loss
2024-01-19 00:00:00,26,8.58720336235361,7.095247124744192,loss
2024-01-19 01:00:00,33,10.50834052683578,4.117239218000909,loss
2024-01-19 02:00:00,31,79.8534352023319,4.855263861103202,win
2024-01-19 03:00:00,31,9.965107439914867,7.217823962202031,win
2024-01-19 04:00:00,95,99.60444800834209,7.829825849320876,loss
2024-01-19 05:00:00,91,7.598823942840137,7.78377720349172,loss
2024-01-19 06:00:00,94,8.249163657411794,5.331061851890061,loss
2024-01-19 07:00:00,46,111.3407109708017,4.9961089533748595,loss
2024-01-19 08:00:00,46,0.9259647811918282,9.882203853766432,win
2024-01-19 09:00:00,88,49.35673229444845,5.0632926406069245,loss
2024-01-19 10:00:00,77,67.20692768080731,5.556729640095648,loss
2024-01-19 11:00:00,12,2.419883384135174,3.0058674342742506,loss
2024-01-19 12:00:00,21,147.83888472201545,1.5511241943817082,win
2024-01-19 13:00:00,32,22.803665878947584,6.559362572863018,loss
2024-01-19 14:00:00,43,18.50791237216147,5.74040959792212,win
2024-01-19 15:00:00,17,36.401121460735695,7.5252510165917865,win
2024-01-19 16:00:00,17,8.547035973343316,1.9939839585990518,loss
2024-01-19 17:00:00,2,41.95482044832218,2.1966443886066664,loss
2024-01-19 18:00:00,13,140.6992709686686,5.7054684628527195,loss
2024-01-19 19:00:00,37,94.1885645609152,1.1336154156587124,win
2024-01-19 20:00:00,32,31.905607024928294,3.6504731029316537,win
2024-01-19 21:00:00,47,22.541698329588232,3.901277264685308,loss
2024-01-19 22:00:00,2,14.248826126576228,3.3496303001979046,win
2024-01-19 23:00:00,42,59.63370491889355,7.782147997822033,loss
2024-01-20 00:00:00,95,51.564894798037095,5.854502657958006,win
2024-01-20 01:00:00,7,22.08329664268442,4.754023999023238,loss
2024-01-20 02:00:00,71,9.374209190045017,6.268847861603188,win
2024-01-20 03:00:00,81,19.174326522035464,2.653228261797235,loss
2024-01-20 04:00:00,5,9.454944874168387,6.842916624412849,loss
2024-01-20 05:00:00,51,102.16938316633126,5.914881381942967,loss
2024-01-20 06:00:00,64,82.59872268091344,7.60584481026123,loss
2024-01-20 07:00:00,22,34.695158862259916,8.843114361635877,win
2024-01-20 08:00:00,81,50.269519154964634,1.4513212631262087,win
2024-01-20 09:00:00,55,45.876556605650656,5.119350247271528,loss
2024-01-20 10:00:00,98,72.24754820969646,7.2429905907459275,win
2024-01-20 11:00:00,46,46.76712204138209,1.8188069222556873,win
2024-01-20 12:00:00,67,99.55676806148261,9.718351045786784,win
2024-01-20 13:00:00,25,52.58166262203846,1.5799241536569661,win
2024-01-20 14:00:00,30,53.574496963671756,6.62015341101535,loss
2024-01-20 15:00:00,19,107.80625607910055,4.591636964970568,loss
2024-01-20 16:00:00,62,80.16235662919232,4.720384645320511,win
2024-01-20 17:00:00,43,52.89300139717271,6.24591462240428,loss
2024-01-20 18:00:00,17,102.62050087694463,8.659087291097228,loss
2024-01-20 19:00:00,81,53.59726611615254,4.264117205310237,win
2024-01-20 20:00:00,90,16.943155823226643,9.925673900932123,win
2024-01-20 21:00:00,29,40.518067995319264,2.7736868308865144,loss
2024-01-20 22:00:00,93,21.524601174630334,5.068976644857571,win
2024-01-20 23:00:00,54,53.23103515345863,9.105905595505552,win
2024-01-21 00:00:00,52,1.4476424388087537,8.759420209823725,win
2024-01-21 01:00:00,26,9.857695007387788,7.228049951699777,loss
2024-01-21 02:00:00,29,21.580722755961055,6.6837428336411495,loss
2024-01-21 03:00:00,61,86.92773259593373,8.547533136800752,win
2024-01-21 04:00:00,88,13.068987947297797,4.716721487620406,loss
2024-01-21 05:00:00,33,115.71242445556673,8.971396659592322,win
2024-01-21 06:00:00,8,12.66003676459353,6.941854906675493,loss
2024-01-21 07:00:00,91,8.843255792084102,8.211866265316354,loss
2024-01-21 08:00:00,87,6.3410602285653015,8.240390233491919,loss
2024-01-21 09:00:00,46,8.73875192231694,3.8383799938811216,loss
2024-01-21 10:00:00,85,32.735912950393676,9.827147887981226,loss
2024-01-21 11:00:00,50,9.798568175264187,2.0338647692509824,win
2024-01-21 12:00:00,81,147.1200116574258,3.0933821356983033,win
2024-01-21 13:00:00,59,53.37542180873756,2.471219385288445,win
2024-01-21 14:00:00,77,62.58230784025171,4.481098626953304,loss
2024-01-21 15:00:00,57,0.28237446599729377,9.827158771356926,loss
2024-01-21 16:00:00,30,29.843118452328675,7.96631672273187,loss
2024-01-21 17:00:00,80,105.98148594258289,4.614838358556797,loss
2024-01-21 18:00:00,43,14.086050163085941,8.926201586175925,loss
2024-01-21 19:00:00,44,49.35034994515547,5.4684481343639,win
2024-01-21 20:00:00,36,32.19575301692068,6.321911900016044,win
2024-01-21 21:00:00,12,39.667336954350255,3.47911274996664,loss
2024-01-21 22:00:00,72,8.150660306262282,2.919456354075819,loss
2024-01-21 23:00:00,2,100.08616236462866,5.786532259347769,loss
2024-01-22 00:00:00,77,3.28643628775502,2.9140591433698377,loss
2024-01-22 01:00:00,32,1.1392563933126776,7.473339361699598,win
2024-01-22 02:00:00,71,1.2183145759413614,7.005672435816388,win
2024-01-22 03:00:00,80,62.182838460666424,2.399247833921759,loss
2024-01-22 04:00:00,41,28.650253838240697,9.144347408811903,loss
2024-01-22 05:00:00,27,102.61673830794756,9.889038765232607,win
2024-01-22 06:00:00,27,82.19594432542867,2.9987162033737484,loss
2024-01-22 07:00:00,62,21.8466025771296,4.212552915694681,loss
2024-01-22 08:00:00,17,4.754459635793692,3.267607913004932,loss
2024-01-22 09:00:00,57,8.364174257288575,4.453736132502714,win
2024-01-22 10:00:00,32,1.4119120688103706,9.931118599296548,loss
2024-01-22 11:00:00,43,89.15633414947216,5.928078254048522,loss
2024-01-22 12:00:00,88,297.3833503791712,6.082079737930744,win
2024-01-22 13:00:00,83,2.6626025875580877,5.167860892199688,win
2024-01-22 14:00:00,2,2.997700955077264,5.1805347943315585,loss
2024-01-22 15:00:00,32,34.70848697531752,4.307762888598638,loss
2024-01-22 16:00:00,59,3.7341329224921846,6.938464894908433,loss
2024-01-22 17:00:00,86,31.852349274914353,8.370274892883064,loss
2024-01-22 18:00:00,17,10.531867084197367,3.8161824667864934,win
2024-01-22 19:00:00,85,61.931147013501246,3.561049356843346,loss
2024-01-22 20:00:00,97,15.4240387722554,3.1353082492795523,loss
2024-01-22 21:00:00,74,3.1484443427655795,5.424838747704433,loss
2024-01-22 22:00:00,70,35.258658822624,3.259631857091619,loss
2024-01-22 23:00:00,55,288.6100201375944,4.643553920018,loss
2024-01-23 00:00:00,30,80.70508053082683,9.831899408835895,win
2024-01-23 01:00:00,75,48.520012630411095,4.420307814688457,win
2024-01-23 02:00:00,22,2.9228089864231683,5.033277949840816,win
2024-01-23 03:00:00,45,61.190876076900594,6.38507342741525,loss
2024-01-23 04:00:00,14,13.256185826280342,9.345267123472107,loss
2024-01-23 05:00:00,34,65.00608387074193,6.19127963762484,loss
2024-01-23 06:00:00,17,18.406979509734168,8.409369143314835,win
2024-01-23 07:00:00,96,3.270173710639584,3.837155438079744,loss
2024-01-23 08:00:00,9,52.314619430615075,2.031769649088834,loss
2024-01-23 09:00:00,65,11.467908607916824,5.993568631821285,loss
2024-01-23 10:00:00,60,3.8952020914847263,3.1230005848355717,loss
2024-01-23 11:00:00,39,14.935691078673097,9.135313955098782,loss
2024-01-23 12:00:00,28,56.2498966697349,2.3307106747850757,loss
2024-01-23 13:00:00,24,10.651359696202862,9.75612575268125,loss
2024-01-23 14:00:00,98,42.433840007276366,8.183446656770009,win
2024-01-23 15:00:00,98,91.33794887139493,6.706513067087808,loss
2024-01-23 16:00:00,68,142.8910873775861,7.055383742711287,win
2024-01-23 17:00:00,15,127.02556493699764,5.333592926629819,win
2024-01-23 18:00:00,37,17.068578484851376,7.429783927335272,loss
2024-01-23 19:00:00,5,8.64883989228702,3.5000889080048543,win
2024-01-23 20:00:00,20,18.098559671706898,6.1464196892941025,win
2024-01-23 21:00:00,87,14.863408339691178,9.531723773977534,win
2024-01-23 22:00:00,86,11.978755053411184,9.096749082363123,loss
2024-01-23 23:00:00,52,45.669581524650376,2.919356194716493,win
2024-01-24 00:00:00,55,117.43168731310062,5.0045168559202935,win
2024-01-24 01:00:00,97,11.408427432662956,3.3432131975454307,loss
2024-01-24 02:00:00,87,25.688887301180348,5.026439679091769,loss
2024-01-24 03:00:00,96,31.70800592997216,5.162743795809087,win
2024-01-24 04:00:00,1,56.51601805983811,7.457113407300261,loss
2024-01-24 05:00:00,14,63.36705913771456,4.616990862783579,loss
2024-01-24 06:00:00,8,101.41851955676198,4.6356866581153255,loss
2024-01-24 07:00:00,79,109.10880370977647,7.015439095147464,win
2024-01-24 08:00:00,61,124.6330069391459,6.653335754921294,win
2024-01-24 09:00:00,73,0.7341436275777057,6.45261594169744,win
2024-01-24 10:00:00,37,5.089596054403503,2.74953337039966,win
2024-01-24 11:00:00,43,125.0094502452127,5.58004840226698,loss
2024-01-24 12:00:00,15,43.508897545169674,8.04372134760514,loss
2024-01-24 13:00:00,7,289.9769368063782,2.2259757199711503,loss
2024-01-24 14:00:00,98,94.19304722836455,6.963404588025385,win
2024-01-24 15:00:00,33,63.02211326309084,7.596069899933834,win
2024-01-24 16:00:00,93,120.4975286390055,7.0699404417174545,win
2024-01-24 17:00:00,58,255.94304949769636,2.5609756919762985,loss
2024-01-24 18:00:00,86,92.25488163779904,7.155931962198338,win
2024-01-24 19:00:00,13,83.68683189085093,4.946249984829807,win
2024-01-24 20:00:00,13,48.19945270157874,2.724121293996589,loss
2024-01-24 21:00:00,34,19.899107131343694,7.196834333436049,loss
2024-01-24 22:00:00,91,18.709060149153217,5.368078966444557,win
2024-01-24 23:00:00,24,0.8924872198154447,4.096386273849355,win
2024-01-25 00:00:00,33,61.62414437899296,6.413211295176415,loss
2024-01-25 01:00:00,22,19.918175207333384,4.519589562846853,loss
2024-01-25 02:00:00,3,8.504666134896736,7.8192603537171355,loss
2024-01-25 03:00:00,26,12.257052721024793,5.573023749155352,loss
2024-01-25 04:00:00,4,25.202456850555087,7.602353291369546,win
2024-01-25 05:00:00,50,19.393163515788157,6.163282740623673,win
2024-01-25 06:00:00,46,128.84312402351082,8.61621909113938,loss
2024-01-25 07:00:00,9,1.5453257239455507,5.845110477777988,win
2024-01-25 08:00:00,91,0.27951748677105354,9.296995176377918,win
2024-01-25 09:00:00,17,22.779357304235738,6.70663930367405,loss
2024-01-25 10:00:00,47,58.60863057800986,6.382583443536694,win
2024-01-25 11:00:00,60,36.70053432818371,1.5059707547064505,loss
2024-01-25 12:00:00,15,3.3621871601760276,5.163985347113211,loss
2024-01-25 13:00:00,25,39.44241829698776,5.275792230588344,win
2024-01-25 14:00:00,18,19.26775293385183,5.35823836000772,win
2024-01-25 15:00:00,41,15.696139014882013,6.498441987386638,loss
2024-01-25 16:00:00,99,73.19930445293411,2.6388504535338795,loss
2024-01-25 17:00:00,12,12.359867073968683,4.270403955231847,loss
2024-01-25 18:00:00,53,5.273616712402598,2.5623323480046043,loss
2024-01-25 19:00:00,62,22.824317617475902,4.162389238683923,loss
2024-01-25 20:00:00,14,32.220386413913204,1.1504025368459643,win
2024-01-25 21:00:00,70,102.44331199396031,3.079540540131024,win
2024-01-25 22:00:00,12,145.14746953362285,5.260336814553481,loss
2024-01-25 23:00:00,97,92.25647500713664,5.541135612723885,loss
2024-01-26 00:00:00,35,12.055294165088405,7.091003479896376,win
2024-01-26 01:00:00,15,5.423699115654899,3.0192925105319786,win
2024-01-26 02:00:00,11,18.492038663549398,2.7807167166926066,win
2024-01-26 03:00:00,52,159.59414357916458,3.41273319392493,win
2024-01-26 04:00:00,38,14.55945316256457,4.777276012118117,loss
2024-01-26 05:00:00,17,2.5331733475531393,3.965648263026862,loss
2024-01-26 06:00:00,3,49.29118664678002,4.065298769046353,win
2024-01-26 07:00:00,12,25.539775216964284,9.687460534267387,loss
2024-01-26 08:00:00,77,4.887764960375364,5.9726245714890815,win
2024-01-26 09:00:00,22,58.99496814915499,9.345419006127928,win
2024-01-26 10:00:00,64,120.30744328485135,9.107252664549726,win
2024-01-26 11:00:00,18,0.7910777434747461,9.167331413112734,loss
2024-01-26 12:00:00,15,43.514554911922524,9.594364066423013,loss
2024-01-26 13:00:00,82,9.695426834554139,8.437160858361167,loss
2024-01-26 14:00:00,57,12.927905520235377,1.371209289688461,loss
2024-01-26 15:00:00,73,24.816255279818606,1.6719968386658306,win
2024-01-26 16:00:00,93,45.14019695121099,2.1300919725338363,win
2024-01-26 17:00:00,84,2.5942400638236713,9.314970156910483,loss
2024-01-26 18:00:00,55,17.208340267894066,6.285224109588693,loss
2024-01-26 19:00:00,63,3.8516965264363594,8.800241430422622,win
2024-01-26 20:00:00,29,67.40155077378944,2.4557776689154256,loss
2024-01-26 21:00:00,75,24.312711051438,6.818091205958762,win
2024-01-26 22:00:00,61,68.0327095418576,1.4406743829756345,loss
2024-01-26 23:00:00,91,97.27234414150165,2.089323177430599,win
2024-01-27 00:00:00,12,119.66713122219743,5.725469154415823,loss
2024-01-27 01:00:00,87,29.690379819173078,6.985054489552251,loss
2024-01-27 02:00:00,30,0.8120668638619948,5.044526382187177,win
2024-01-27 03:00:00,12,4.913234809593963,3.471112655971995,loss
2024-01-27 04:00:00,85,10.312830558497907,3.3920887128130914,loss
2024-01-27 05:00:00,46,1.0693153257754542,4.7269277132880445,win
2024-01-27 06:00:00,12,32.285457771980745,8.82206587838468,loss
2024-01-27 07:00:00,2,78.99704028749322,5.586630174971624,loss
2024-01-27 08:00:00,94,5.125542273023522,9.480679225828947,loss
2024-01-27 09:00:00,80,4.855543792277896,2.0501415567459715,win
2024-01-27 10:00:00,88,34.03039509746633,4.244562857804455,win
2024-01-27 11:00:00,91,113.76003930621374,2.4798480077163916,win
2024-01-27 12:00:00,8,4.245784387864819,3.195617726730936,win
2024-01-27 13:00:00,84,46.65106104988948,2.8458976828206026,loss
2024-01-27 14:00:00,70,29.53571471597385,8.569087237795182,loss
2024-01-27 15:00:00,69,240.6468610724437,2.202681436219404,win
2024-01-27 16:00:00,8,145.37216702784485,3.598830073857198,win
2024-01-27 17:00:00,17,50.382974175834846,4.377457169501657,loss
2024-01-27 18:00:00,32,27.950252928718182,2.6187548829661704,loss
2024-01-27 19:00:00,9,9.929528042458552,8.927649808773188,loss
2024-01-27 20:00:00,29,172.64814523081247,9.999092284169123,loss
2024-01-27 21:00:00,95,81.00718064894747,2.8838505377045855,win
2024-01-27 22:00:00,95,16.67020495634427,3.606813527493079,win
2024-01-27 23:00:00,60,6.317285645907117,5.452707279014161,loss
2024-01-28 00:00:00,99,6.62761297751109,5.146597852404362,loss
2024-01-28 01:00:00,96,129.52812699669772,6.383753282406893,win
2024-01-28 02:00:00,3,102.4460349224399,9.171863518955451,win
2024-01-28 03:00:00,91,117.92263582099558,1.1022225053269408,loss
2024-01-28 04:00:00,88,30.87883679206824,8.625144566719353,loss
2024-01-28 05:00:00,2,58.37475363110131,7.696794478239367,win
2024-01-28 06:00:00,86,15.606345035311719,8.28035128269951,loss
2024-01-28 07:00:00,79,41.54023664602278,1.8035834093765146,loss
2024-01-28 08:00:00,94,88.23581986672856,9.731009709157984,loss
2024-01-28 09:00:00,41,87.15299700895282,2.713023476214638,loss
2024-01-28 10:00:00,39,129.58544998675222,7.269644965895747,loss
2024-01-28 11:00:00,29,102.43934460432953,4.243523140253829,loss
2024-01-28 12:00:00,75,12.71513865537294,7.462375127337568,loss
2024-01-28 13:00:00,44,116.03720412915372,7.719212179424336,loss
2024-01-28 14:00:00,34,21.20442275013569,7.35879296477861,win
2024-01-28 15:00:00,45,71.09937724620538,4.363553291780318,loss
2024-01-28 16:00:00,34,20.811387568114657,7.3112017933374,loss
2024-01-28 17:00:00,15,21.745684628776562,5.624525001035092,loss
2024-01-28 18:00:00,76,63.043431234307754,3.926324096982643,win
2024-01-28 19:00:00,35,12.837618600084848,9.176931870563989,win
2024-01-28 20:00:00,6,18.361840532334664,6.7561887492890005,loss
2024-01-28 21:00:00,12,11.299148236980505,8.04447619944053,win
2024-01-28 22:00:00,79,3.181209902275535,8.916626930154711,loss
2024-01-28 23:00:00,41,3.195736531673198,4.3245926380996496,loss
2024-01-29 00:00:00,63,0.44093726134023176,8.42235296694232,win
2024-01-29 01:00:00,61,7.701732315547348,8.062152973420115,win
2024-01-29 02:00:00,13,8.859672397670398,6.637398081065237,loss
2024-01-29 03:00:00,25,118.03395310850952,7.004013525370764,win
2024-01-29 04:00:00,27,8.746175416872571,1.138259821830196,win
2024-01-29 05:00:00,85,154.64506521281325,2.0360606486289234,win
2024-01-29 06:00:00,72,63.29984810079726,2.513083699362253,loss
2024-01-29 07:00:00,59,30.265874160542833,1.9335114941764626,win
2024-01-29 08:00:00,1,111.09089236360332,2.6528526161459824,win
2024-01-29 09:00:00,97,5.440242205904008,9.074299755387905,win
2024-01-29 10:00:00,85,19.39082708497547,5.067523149693672,win
2024-01-29 11:00:00,56,29.779811175118258,4.733514795242154,loss
2024-01-29 12:00:00,78,52.96637800944978,2.9458199348125613,win
2024-01-29 13:00:00,79,16.12993276831512,3.7951986430068185,loss
2024-01-29 14:00:00,37,25.57553920035329,8.458670448328741,loss
2024-01-29 15:00:00,26,1.9519576695654826,6.547280902601203,loss
2024-01-29 16:00:00,77,24.74989605393304,5.525932737181055,win
2024-01-29 17:00:00,78,173.28921955294243,1.5473059480020495,loss
2024-01-29 18:00:00,87,2.1081801670622062,3.3402536746348925,win
2024-01-29 19:00:00,44,95.60016712569592,3.1515841537544653,loss
2024-01-29 20:00:00,62,14.685716321556185,4.526523340324901,win
2024-01-29 21:00:00,51,11.225000409122435,9.423713442944358,loss
2024-01-29 22:00:00,71,30.115850194249344,9.43577917860387,win
2024-01-29 23:00:00,65,175.13504106197064,6.633503509145198,loss
2024-01-30 00:00:00,82,1.3883073390543434,3.9671643488551585,loss
2024-01-30 01:00:00,40,21.17456438124542,9.075150774382788,win
2024-01-30 02:00:00,12,73.04388263121032,5.968809613467375,loss
2024-01-30 03:00:00,44,0.6060835062515232,7.324220148776586,win
2024-01-30 04:00:00,69,15.170652362863216,4.928439341642369,loss
2024-01-30 05:00:00,97,13.744525436515309,1.9516467920306746,loss
2024-01-30 06:00:00,53,17.610634989610734,4.966565423925136,win
2024-01-30 07:00:00,96,57.878417295705844,1.904565201927949,loss
2024-01-30 08:00:00,19,7.266642290511991,6.389236043958757,win
2024-01-30 09:00:00,46,71.57261362526549,2.36739234799058,loss
2024-01-30 10:00:00,94,35.14492979960734,4.75421057815317,win
2024-01-30 11:00:00,24,26.34273711843719,2.084964835462536,loss
2024-01-30 12:00:00,96,33.886467781779125,7.147353388286364,loss
2024-01-30 13:00:00,12,150.95852178579793,3.965667832630529,win
2024-01-30 14:00:00,66,35.93448200039545,5.033747415185944,loss
2024-01-30 15:00:00,74,108.29474772091876,1.2240919288036674,loss
2024-01-30 16:00:00,55,18.33003636023795,1.555317958958389,win
2024-01-30 17:00:00,25,75.9656006250132,6.69182009409716,loss
2024-01-30 18:00:00,41,31.275535176927356,2.021319287094101,loss
2024-01-30 19:00:00,94,2.2079978120360453,5.575739484509969,win
2024-01-30 20:00:00,93,101.37676245326905,7.765002622352384,win
2024-01-30 21:00:00,7,82.79658726941244,7.768135892180002,loss
2024-01-30 22:00:00,68,96.9685396524922,2.0896922598691017,win
2024-01-30 23:00:00,66,63.28904109326585,5.81212669157331,loss
2024-01-31 00:00:00,72,23.698581470287895,2.924815166287161,loss
2024-01-31 01:00:00,72,39.95825368014218,3.3972710405850055,win
2024-01-31 02:00:00,21,26.05581266166427,5.877099022901593,loss
2024-01-31 03:00:00,28,35.6735202107953,2.02253257965955,win
2024-01-31 04:00:00,16,264.90661916903565,4.759118638232637,loss
2024-01-31 05:00:00,91,1.101580779106909,6.518288441539042,loss
2024-01-31 06:00:00,13,68.74201455075338,9.49863477802885,win
2024-01-31 07:00:00,68,5.5410762586357665,2.0516197221640557,loss
2024-01-31 08:00:00,14,25.57279658675614,4.5948824025095085,win
2024-01-31 09:00:00,53,43.835573024788665,8.149957749790918,win
2024-01-31 10:00:00,17,0.7021645704629128,1.97768212452551,win
2024-01-31 11:00:00,70,3.973220204991374,4.60276780452007,loss
2024-01-31 12:00:00,97,1.640317258550419,6.394127821732685,win
2024-01-31 13:00:00,21,58.036776180728644,3.331511118009414,loss
2024-01-31 14:00:00,77,31.85012393038182,2.2025314853903284,loss
2024-01-31 15:00:00,26,5.464194573072119,2.1885556398875243,loss
2024-01-31 16:00:00,29,1.3148230216340122,6.758088613668171,win
2024-01-31 17:00:00,59,122.0614085652455,6.724372849861988,win
2024-01-31 18:00:00,62,27.258135813074567,5.604327046722705,win
2024-01-31 19:00:00,17,41.923271956693846,3.4013426438172387,loss
2024-01-31 20:00:00,89,123.81215505161958,4.5585458805618195,loss
2024-01-31 21:00:00,33,40.64104240527994,6.150344746439574,loss
2024-01-31 22:00:00,75,152.6211147110305,1.1682363432050897,loss
2024-01-31 23:00:00,44,11.442990188111043,9.725604097057051,loss
2024-02-01 00:00:00,46,26.60983348468946,6.14740140407789,win
2024-02-01 01:00:00,10,47.777406354125795,3.2636979677227047,win
2024-02-01 02:00:00,99,119.24097357520137,7.292822640158038,win
2024-02-01 03:00:00,38,86.38294160163413,1.4457345258758028,win
2024-02-01 04:00:00,46,3.4273862995408564,8.725801141665132,loss
2024-02-01 05:00:00,64,13.89815725766121,9.731208695427261,loss
2024-02-01 06:00:00,54,0.9037176559523217,9.76913321192812,loss
2024-02-01 07:00:00,78,9.343758370596575,3.455478326643305,loss
2024-02-01 08:00:00,88,12.998689463081007,9.046257357471578,win
2024-02-01 09:00:00,86,121.86360556710305,5.634776915307921,loss
2024-02-01 10:00:00,85,161.09619431023324,9.362369120274446,win
2024-02-01 11:00:00,64,57.56081516079151,1.1516381587329447,loss
2024-02-01 12:00:00,34,43.3244303038601,9.118688357482588,loss
2024-02-01 13:00:00,44,32.48415502315717,7.671466726536812,win
2024-02-01 14:00:00,71,48.14743813165394,1.886254925198837,loss
2024-02-01 15:00:00,47,88.17777967222668,2.575682984788827,loss
2024-02-01 16:00:00,97,10.68649162128239,8.819406314973314,win
2024-02-01 17:00:00,73,19.370568937306786,3.670457202753805,loss
2024-02-01 18:00:00,8,5.046253922018868,2.996178455301174,win
2024-02-01 19:00:00,6,71.12239932995583,4.064298304418986,loss
2024-02-01 20:00:00,22,91.51609088837093,2.0564809680024934,win
2024-02-01 21:00:00,85,58.64396846465656,9.331203189605885,loss
2024-02-01 22:00:00,52,4.155065917919778,3.6983418391236427,win
2024-02-01 23:00:00,80,135.05699906830742,3.700139732880175,loss
2024-02-02 00:00:00,93,6.076418755069328,8.515905938604618,loss
2024-02-02 01:00:00,31,184.99907018488955,6.757699381296211,loss
2024-02-02 02:00:00,35,45.118601801808765,6.400467580320685,win
2024-02-02 03:00:00,42,6.465851553301856,5.226525527916673,win
2024-02-02 04:00:00,47,2.3731456338911943,5.122933669613069,loss
2024-02-02 05:00:00,4,2.8281352058426843,9.187558497652242,win
2024-02-02 06:00:00,1,0.8971993117750626,2.8516465404702855,win
2024-02-02 07:00:00,62,5.659670530602232,4.29185509765923,loss
2024-02-02 08:00:00,9,0.7379087722179625,3.0865240048125537,win
2024-02-02 09:00:00,3,119.16505065422346,7.716068276552875,loss
2024-02-02 10:00:00,45,20.36010200274898,1.6476046926097139,loss
2024-02-02 11:00:00,68,45.14823825405995,1.3100213859600318,win
2024-02-02 12:00:00,33,16.199118460998317,8.747267192176098,win
2024-02-02 13:00:00,72,0.48287801218742543,6.765567179367448,loss
2024-02-02 14:00:00,5,2.172307398747374,6.768707092741778,win
2024-02-02 15:00:00,46,5.200239786511096,5.158211575447755,loss
2024-02-02 16:00:00,55,50.41586084954995,5.454484894203512,loss
2024-02-02 17:00:00,14,88.45386263434793,7.37208915200617,win
2024-02-02 18:00:00,53,51.35713809672462,8.242727451760759,win
2024-02-02 19:00:00,73,7.067004990891417,2.8537793596481382,loss
2024-02-02 20:00:00,31,8.658536038889931,9.648846016273897,win
2024-02-02 21:00:00,51,20.062418172768822,5.112486363538181,win
2024-02-02 22:00:00,86,81.36434910229264,3.8077947354358748,loss
2024-02-02 23:00:00,29,0.5116818769486879,3.551685004525325,win
2024-02-03 00:00:00,57,20.802833660113485,9.817947198396437,loss
2024-02-03 01:00:00,46,79.53587786445307,8.62087995291763,win
2024-02-03 02:00:00,30,42.20145104749116,5.435880489601921,win
2024-02-03 03:00:00,72,11.553412826690064,1.1841135116115347,loss
2024-02-03 04:00:00,51,40.25664299799667,9.996090718033258,win
2024-02-03 05:00:00,59,81.13532784232193,4.612585239782002,loss
2024-02-03 06:00:00,71,29.778166898803498,1.3119207549340186,loss
2024-02-03 07:00:00,19,1.6241936158316386,9.223437511140068,win
2024-02-03 08:00:00,85,88.946249720809,3.8513860976958707,loss
2024-02-03 09:00:00,4,19.020920208826645,5.113407501263435,loss
2024-02-03 10:00:00,25,24.45934461722691,7.106621562550169,loss
2024-02-03 11:00:00,44,33.162134069793595,2.0055255218488774,loss
2024-02-03 12:00:00,92,20.295192807173503,1.6523167725766401,loss
2024-02-03 13:00:00,84,8.574627508263756,3.6529523877232535,win
2024-02-03 14:00:00,61,21.924306915364312,9.836056740385532,loss
2024-02-03 15:00:00,10,1.1718908853053518,9.235942981981605,loss
2024-02-03 16:00:00,66,13.63572730747706,3.497602047633252,loss
2024-02-03 17:00:00,62,39.678650514188284,2.6932696144844037,win
2024-02-03 18:00:00,12,38.77954799730175,3.303553324251983,loss
2024-02-03 19:00:00,19,8.466156158404539,5.7559219465957625,win
2024-02-03 20:00:00,17,10.199067212405028,3.5636806401195185,loss
2024-02-03 21:00:00,2,21.070640338153428,2.3924153148006195,loss
2024-02-03 22:00:00,40,73.76631654032082,4.931442134846604,loss
2024-02-03 23:00:00,21,49.792491585728676,7.698368712356018,loss
2024-02-04 00:00:00,45,22.057969607347694,7.595845663382063,win
2024-02-04 01:00:00,61,34.380147113610974,3.5385975026659824,loss
2024-02-04 02:00:00,50,42.23007720194272,7.399659873757489,loss
2024-02-04 03:00:00,73,49.38196613047727,5.268039050154384,loss
2024-02-04 04:00:00,46,46.14007284813334,8.340342905074642,loss
2024-02-04 05:00:00,82,7.921247154572472,4.758068116404191,win
2024-02-04 06:00:00,70,4.524294284797826,6.293279426673793,loss
2024-02-04 07:00:00,21,18.088084988387152,6.20445487833234,loss
2024-02-04 08:00:00,7,24.72975916760972,4.592975779335131,loss
2024-02-04 09:00:00,67,47.76693344978906,7.375354988613566,win
2024-02-04 10:00:00,46,70.50591517070639,2.846055133915918,win
2024-02-04 11:00:00,73,59.578864569643976,1.7740533683040731,win
2024-02-04 12:00:00,67,91.25184907220884,8.046725772629214,win
2024-02-04 13:00:00,69,52.80873607972033,3.612453476472016,win
2024-02-04 14:00:00,98,1.9567936725130717,9.404678345503353,loss
2024-02-04 15:00:00,88,26.931512237528533,6.593996783967032,loss
2024-02-04 16:00:00,24,32.68049231220917,4.445390222792177,win
2024-02-04 17:00:00,58,45.27798454912302,1.322593020078572,loss
2024-02-04 18:00:00,32,20.271318539544588,7.241186688034036,win
2024-02-04 19:00:00,59,113.69976374615398,2.5441720555339957,win
2024-02-04 20:00:00,51,1.4966606911706652,8.142849724718824,loss
2024-02-04 21:00:00,3,35.76014578184066,2.80522347339899,win
2024-02-04 22:00:00,59,93.69147099999921,3.1492184112511508,loss
2024-02-04 23:00:00,50,25.72943836307472,4.3612559100839245,loss
2024-02-05 00:00:00,81,28.650169092142026,1.6453662486496727,loss
2024-02-05 01:00:00,89,22.642261019812924,4.330934174802422,loss
2024-02-05 02:00:00,92,47.88765168646102,5.499906172073766,win
2024-02-05 03:00:00,33,42.05405414928789,3.177709941788214,win
2024-02-05 04:00:00,27,33.185222969603466,3.141747331222945,win
2024-02-05 05:00:00,46,10.374568149324388,6.7504727227216055,win
2024-02-05 06:00:00,89,3.7753104858610387,3.8221511776354813,loss
2024-02-05 07:00:00,51,21.69723995370412,7.095782871026499,win
2024-02-05 08:00:00,17,98.48202039444615,9.371376439940802,win
2024-02-05 09:00:00,59,80.72669115516872,2.331492747399568,loss
2024-02-05 10:00:00,8,99.31154568132004,2.3899780580894294,win
2024-02-05 11:00:00,5,74.20004248689747,2.1407026289050712,loss
2024-02-05 12:00:00,66,46.40628038642757,3.7363538950287767,loss
2024-02-05 13:00:00,49,14.9951370007923,7.1121345740069195,loss
2024-02-05 14:00:00,8,43.67260667060132,1.8266425517110858,loss
2024-02-05 15:00:00,61,33.85212538976353,6.838354861106696,loss
2024-02-05 16:00:00,12,17.82672275746823,6.959601317028637,loss
2024-02-05 17:00:00,25,33.78407666298876,1.8322581322347875,loss
2024-02-05 18:00:00,22,129.12246264119304,4.687991180250142,loss
2024-02-05 19:00:00,11,81.07390419856617,3.9314327202120283,loss
2024-02-05 20:00:00,4,36.015224865261196,8.601071322974548,win
2024-02-05 21:00:00,38,52.58570739704038,7.1886276395827995,win
2024-02-05 22:00:00,71,78.54470106650842,3.697943048600639,loss
2024-02-05 23:00:00,74,18.71696827005642,8.787050537134661,win
2024-02-06 00:00:00,64,66.11871073552025,9.698911421924663,loss
2024-02-06 01:00:00,85,158.82918727555847,2.301285755727082,loss
2024-02-06 02:00:00,68,28.750369204745184,5.005419366440655,loss
2024-02-06 03:00:00,66,1.4307385728742579,4.644345902679447,win
2024-02-06 04:00:00,19,83.59642370116575,6.178408094381739,win
2024-02-06 05:00:00,67,22.07963573477605,5.029741197296751,loss
2024-02-06 06:00:00,54,16.13286616059748,9.994938344883309,win
2024-02-06 07:00:00,57,68.33953145377927,5.8462192528397985,win
2024-02-06 08:00:00,25,47.129067757518925,2.590159139978007,loss
2024-02-06 09:00:00,98,4.483159719318616,6.188551354716552,loss
2024-02-06 10:00:00,87,37.40760023893138,3.677475073999646,win
2024-02-06 11:00:00,49,129.9951420021863,4.866642701298884,loss
2024-02-06 12:00:00,77,75.28291248271091,5.616727292134918,loss
2024-02-06 13:00:00,21,1.0526318356917377,6.705256258984475,loss
2024-02-06 14:00:00,59,51.575485512774954,4.165447198742332,loss
2024-02-06 15:00:00,61,7.97843342602129,3.583032753747835,win
2024-02-06 16:00:00,77,251.77136663398844,7.503596175390976,loss
2024-02-06 17:00:00,76,7.051287442655147,1.5669237572103625,win
2024-02-06 18:00:00,30,47.41270829233673,6.350703855699344,loss
2024-02-06 19:00:00,69,1.8298720442442642,3.444572285580168,loss
2024-02-06 20:00:00,1,87.14641374412079,4.883832336299059,loss
2024-02-06 21:00:00,45,20.28764122504583,4.0902484690468,win
2024-02-06 22:00:00,20,28.587688848286568,2.7441067961735865,win
2024-02-06 23:00:00,83,69.49247206258048,5.587340342176368,win
2024-02-07 00:00:00,37,42.31598299061501,6.188389024293912,loss
2024-02-07 01:00:00,67,187.2877048493348,8.48312128046518,loss
2024-02-07 02:00:00,61,29.47561646720953,1.9650372856069516,win
2024-02-07 03:00:00,60,5.57216228765671,1.9608053763092097,win
2024-02-07 04:00:00,11,9.366851930759006,2.4994229006102433,loss
2024-02-07 05:00:00,74,63.24208195085621,8.53207978011326,loss
2024-02-07 06:00:00,55,54.05741812319137,6.5557518948627,win
2024-02-07 07:00:00,37,15.291516144197367,3.3395504117263477,win
2024-02-07 08:00:00,23,27.304153297415546,6.695331204615236,loss
2024-02-07 09:00:00,90,17.837270048827623,8.600025770019226,loss
2024-02-07 10:00:00,22,50.381816154411915,5.47099668901588,loss
2024-02-07 11:00:00,82,158.2048237847184,2.1986003223265875,loss
2024-02-07 12:00:00,70,0.9193032520978078,4.790858355709122,loss
2024-02-07 13:00:00,35,65.63935952119057,5.187884558717535,loss
2024-02-07 14:00:00,41,15.540989723855144,7.858888663780272,loss
2024-02-07 15:00:00,40,244.60149409650498,4.983526739884907,loss
2024-02-07 16:00:00,24,194.21707987909798,9.267124323052185,win
2024-02-07 17:00:00,89,27.217225432504872,8.458316443997745,loss
2024-02-07 18:00:00,2,90.19701454457227,9.572658258584537,loss
2024-02-07 19:00:00,31,1.175267308407705,6.284069165335854,win
2024-02-07 20:00:00,97,41.184009916449824,7.232872650636967,win
2024-02-07 21:00:00,59,164.03455621793967,6.288191110957635,win
2024-02-07 22:00:00,69,41.312160911536175,3.434806342606152,loss
2024-02-07 23:00:00,12,13.351144050793028,7.276008594616666,loss
2024-02-08 00:00:00,47,43.5830018505722,2.1158827181022515,loss
2024-02-08 01:00:00,78,67.3102553729399,4.117228339988152,win
2024-02-08 02:00:00,79,60.22689998554718,3.470257808489935,win
2024-02-08 03:00:00,30,30.679688947350137,8.991787179087003,loss
2024-02-08 04:00:00,9,95.49809646549554,2.5042976667968375,loss
2024-02-08 05:00:00,11,29.555063834194872,9.151189847440849,win
2024-02-08 06:00:00,76,9.009241803848553,8.881505112781023,loss
2024-02-08 07:00:00,27,8.843733516023065,6.498157774783168,loss
2024-02-08 08:00:00,87,5.87449238102441,8.251997240073669,loss
2024-02-08 09:00:00,99,2.831887082168832,2.765820016983084,loss
2024-02-08 10:00:00,41,12.73897952956504,7.516295472471329,loss
2024-02-08 11:00:00,81,27.835233124626296,3.17329427035107,loss
2024-02-08 12:00:00,99,65.83629897405314,2.7114404050956926,loss
2024-02-08 13:00:00,73,38.49855100009889,9.220279629895112,loss
2024-02-08 14:00:00,66,8.364715495090605,2.180003051289505,win
2024-02-08 15:00:00,62,1.7380035265310925,2.9563757467157483,win
2024-02-08 16:00:00,79,52.97942338372948,1.7621360445072922,win
2024-02-08 17:00:00,83,51.35919071844414,4.155697049019738,win
2024-02-08 18:00:00,14,17.912430205307206,6.490993582000163,win
2024-02-08 19:00:00,57,28.106590975160767,7.85136992733716,win
2024-02-08 20:00:00,1,4.139329650500158,3.8054082810401404,loss
2024-02-08 21:00:00,8,5.915639934112333,2.468237616371221,win
2024-02-08 22:00:00,67,71.933820533644,6.570093529370123,win
2024-02-08 23:00:00,39,2.4478400370275413,1.3455774597270223,win
2024-02-09 00:00:00,73,120.63760523808193,2.967018990646109,loss
2024-02-09 01:00:00,72,102.13609519878706,9.616728099719337,win
2024-02-09 02:00:00,43,15.469712010945209,2.433114760958898,win
2024-02-09 03:00:00,78,25.59535538929034,1.5220559439713481,loss
2024-02-09 04:00:00,13,48.05099928617166,4.294955989371763,loss
2024-02-09 05:00:00,65,139.46924061190364,6.377429703164962,win
2024-02-09 06:00:00,83,10.252561396172522,7.277745499183693,win
2024-02-09 07:00:00,30,40.76452009523652,5.460059286128267,win
2024-02-09 08:00:00,78,26.16125264100414,5.124692361802108,loss
2024-02-09 09:00:00,53,37.50233189754727,5.653048776049175,loss
2024-02-09 10:00:00,53,53.197667949652086,9.659796048075922,loss
2024-02-09 11:00:00,42,3.30975858557132,5.708241883850306,loss
2024-02-09 12:00:00,19,19.4529376938942,6.937952339829382,loss
2024-02-09 13:00:00,1,109.54937844011772,9.35851665703632,loss
2024-02-09 14:00:00,76,60.89533187496416,9.219565763341343,loss
2024-02-09 15:00:00,72,43.34847377341937,6.381353506468724,loss
2024-02-09 16:00:00,23,7.860680492894849,7.822396779512765,win
2024-02-09 17:00:00,96,30.392094175221825,8.990966507745918,win
2024-02-09 18:00:00,43,43.44461495264147,4.20687446991601,win
2024-02-09 19:00:00,12,109.32069671122846,6.248960317140904,loss
2024-02-09 20:00:00,99,26.65626563242866,4.848708334130117,win
2024-02-09 21:00:00,70,6.805013702892038,2.8464553849139174,loss
2024-02-09 22:00:00,96,47.862242033681575,4.05548088476741,win
2024-02-09 23:00:00,28,35.95090093960766,7.377417269680155,win
2024-02-10 00:00:00,92,11.28876372081761,8.31797347049982,loss
2024-02-10 01:00:00,1,12.279432437711277,2.745985815744514,loss
2024-02-10 02:00:00,75,12.384779554040277,5.279455908272009,win
2024-02-10 03:00:00,59,62.63345703857617,2.0961549510276223,win
2024-02-10 04:00:00,51,12.509215994099796,4.966818189534166,loss
2024-02-10 05:00:00,72,21.694597258439483,3.8588836536410525,win
2024-02-10 06:00:00,53,8.400328615612377,6.978434197517894,loss
2024-02-10 07:00:00,28,52.46575494839589,4.000260152048863,win
2024-02-10 08:00:00,72,12.488340134219573,1.2089919660061874,loss
2024-02-10 09:00:00,44,85.38320933310793,2.575436942137545,loss
2024-02-10 10:00:00,99,1.0629764270023612,8.446484806644165,loss
2024-02-10 11:00:00,77,77.85496614401906,6.888737496071252,win
2024-02-10 12:00:00,10,33.08938454356854,4.517833027931768,win
2024-02-10 13:00:00,45,79.48576059596803,2.501482235611492,loss
2024-02-10 14:00:00,97,4.043895349949637,4.520053210080018,win
2024-02-10 15:00:00,37,20.947511512775964,4.9397508777654515,win
2024-02-10 16:00:00,93,101.7522472977166,1.8346962041152168,loss
2024-02-10 17:00:00,12,38.02348612014039,6.994001954585979,win
2024-02-10 18:00:00,56,182.22263611013759,8.915550448802266,loss
2024-02-10 19:00:00,34,88.78104075688181,5.740025213702207,win
2024-02-10 20:00:00,90,142.27625981533402,5.185219826957663,win
2024-02-10 21:00:00,76,2.668911199524844,8.583384676255731,loss
2024-02-10 22:00:00,40,2.291520340624941,6.348832238210523,win
2024-02-10 23:00:00,68,0.7717210139981375,7.879290354805221,loss
2024-02-11 00:00:00,48,28.597213885148708,7.954879086871033,loss
2024-02-11 01:00:00,16,2.915788661444999,7.071963961857495,win
2024-02-11 02:00:00,70,37.947023975456474,3.7729731685009122,win
2024-02-11 03:00:00,3,93.41754573795585,1.133183143800277,loss
2024-02-11 04:00:00,40,23.973209931471864,8.247778198019805,win
2024-02-11 05:00:00,25,11.41647976195762,2.3738312962898522,loss
2024-02-11 06:00:00,35,93.78695799984094,7.559259834414053,win
2024-02-11 07:00:00,41,33.98810516586225,6.294298866137112,loss
2024-02-11 08:00:00,50,44.62625734924279,2.2628393850847126,loss
2024-02-11 09:00:00,91,9.556653205699723,1.2077164286358768,loss
2024-02-11 10:00:00,42,11.531041020222194,2.5501646651169976,loss
2024-02-11 11:00:00,25,1.0603154183485215,9.539061063709585,win
2024-02-11 12:00:00,98,21.49025657531159,3.07502706972645,win
2024-02-11 13:00:00,18,19.4804507406272,6.771467879117852,win
2024-02-11 14:00:00,82,94.13859137523556,2.4523281343027103,win
2024-02-11 15:00:00,42,4.421758491532047,9.640128272278554,loss
